item,itemLabel,startDate,endDate
Q368229,John E. Rickards,1889,1893
Q4718517,Alexander Campbell Botkin,1893,1897
Q16318401,Archibald E. Spriggs,1897,1901
Q5486743,Frank G. Higgins,1901,1905
Q881583,Edwin L. Norris,1905,1908
Q817493,Benjamin F. White,1908,1909
Q16321165,William R. Allen,1909,1913
Q7946050,W.W. McDowell,1913,1921
Q22019458,"Nelson Story, Jr.",1921,1925
Q16321116,W.S. McCormack,1925,1929
Q16335115,Frank A. Hazelbaker,1929,1933
Q647391,Frank Henry Cooney,1933,
,Tom Kane,1933,1934
Q16335107,Ernest T. Eaton,1934,1935
Q882161,Elmer Holt,1935,
,William P. Pilgeram,1935,1937
Q16333814,Hugh R. Adair,1937,1941
Q16335107,Ernest T. Eaton,1941,1949
,Paul Cannon,1949,1953
,George M. Gosman,1953,1957
,Paul Cannon,1957,1961
Q661635,Tim Babcock,1961,1962
,David F. James,1962,1965
Q16335091,Ted James,1965,1969
Q880589,Thomas Lee Judge,1969,1973
Q16335079,Bill Christiansen,1973,1977
Q880356,Ted Schwinden,1977,1981
Q1508383,George Turman,1981,1988
Q16335083,Gordon McOmber,1988,1989
Q4731741,Allen Kolstad,1989,1991
Q1189686,Denny Rehberg,1991,1997
Q449719,Judy Martz,1997,2001
Q6372129,Karl Ohs,2001,2005
Q3181085,John Bohlinger,2005,2013
Q6262874,John Walsh,2013,2014
Q4762511,Angela McLean,2014,2016
Q6846400,Mike Cooney,2016,2021
Q101229393,Kristen Juras,2021,
